segment_id,start_time,end_time,duration,segment_type
1,0.139,0.203,0.064,speech
2,0.416,0.512,0.096,surrogacy
3,0.597,0.832,0.235,speech
4,0.843,0.949,0.107,surrogacy
5,0.992,1.12,0.128,speech
6,5.611,5.899,0.288,surrogacy
7,6.443,6.592,0.149,speech
8,8.107,8.597,0.491,surrogacy
9,9.216,9.589,0.373,speech
10,9.696,9.824,0.128,surrogacy
11,9.92,10.005,0.085,speech
12,10.069,10.165,0.096,surrogacy
13,10.251,10.389,0.139,speech
14,10.571,10.891,0.32,surrogacy
15,11.669,11.797,0.128,speech
16,11.872,12.213,0.341,surrogacy
17,16.043,16.16,0.117,speech
18,16.171,16.235,0.064,surrogacy
19,16.288,16.523,0.235,speech
20,23.413,23.488,0.075,surrogacy
21,23.563,23.659,0.096,speech
22,25.056,25.259,0.203,surrogacy
23,25.568,26.421,0.853,speech
24,28.171,28.267,0.096,surrogacy
25,28.523,28.565,0.043,speech
26,28.971,29.077,0.107,surrogacy
27,30.592,30.763,0.171,speech
28,30.891,31.339,0.448,surrogacy
29,31.659,31.712,0.053,speech
30,31.925,32.011,0.085,surrogacy
31,33.547,34.539,0.992,speech
32,34.741,34.816,0.075,surrogacy
33,35.008,35.051,0.043,speech
34,35.456,35.552,0.096,surrogacy
35,36.533,37.408,0.875,speech
36,37.675,37.771,0.096,surrogacy
37,38.197,38.24,0.043,speech
38,39.531,39.723,0.192,surrogacy
39,39.819,40.629,0.811,speech
40,40.651,40.672,0.021,surrogacy
41,40.917,40.96,0.043,speech
42,41.12,41.152,0.032,surrogacy
43,41.365,41.429,0.064,speech
44,41.781,41.888,0.107,surrogacy
45,44.192,44.896,0.704,speech
46,45.013,45.205,0.192,surrogacy
47,45.312,46.091,0.779,speech
48,46.165,46.368,0.203,surrogacy
49,46.773,46.837,0.064,speech
50,46.997,47.04,0.043,surrogacy
51,47.253,47.275,0.021,speech
52,47.456,47.499,0.043,surrogacy
53,47.669,47.733,0.064,speech
54,47.883,47.957,0.075,surrogacy
55,48.128,48.171,0.043,speech
56,48.587,48.693,0.107,surrogacy
57,49.952,50.592,0.64,speech
58,50.731,50.901,0.171,surrogacy
59,51.328,51.413,0.085,speech
60,51.541,51.584,0.043,surrogacy
61,52.0,52.107,0.107,speech
62,53.461,53.621,0.16,surrogacy
63,53.707,54.624,0.917,speech
64,54.88,54.923,0.043,surrogacy
65,55.093,55.104,0.011,speech
66,55.307,55.349,0.043,surrogacy
67,55.733,55.819,0.085,speech
68,56.491,56.523,0.032,surrogacy
69,57.067,57.216,0.149,speech
70,57.344,57.685,0.341,surrogacy
71,57.739,58.144,0.405,speech
72,58.432,58.496,0.064,surrogacy
73,58.667,58.72,0.053,speech
74,59.083,59.125,0.043,surrogacy
75,60.427,61.237,0.811,speech
76,61.536,61.589,0.053,surrogacy
77,61.76,61.835,0.075,speech
78,63.307,63.979,0.672,surrogacy
79,64.011,64.16,0.149,speech
80,64.256,64.523,0.267,surrogacy
81,64.597,64.725,0.128,speech
82,64.779,64.917,0.139,surrogacy
83,64.992,65.76,0.768,speech
84,66.059,66.133,0.075,surrogacy
85,66.283,66.325,0.043,speech
86,66.496,66.539,0.043,surrogacy
87,66.699,66.752,0.053,speech
88,66.901,66.944,0.043,surrogacy
89,67.147,67.189,0.043,speech
90,67.339,67.36,0.021,surrogacy
91,67.552,67.605,0.053,speech
92,67.744,67.808,0.064,surrogacy
93,67.968,68.043,0.075,speech
94,68.395,68.501,0.107,surrogacy
95,69.845,71.573,1.728,speech
96,71.659,71.787,0.128,surrogacy
97,71.872,72.213,0.341,speech
98,72.299,72.405,0.107,surrogacy
99,72.459,72.597,0.139,speech
100,72.693,72.8,0.107,surrogacy
101,72.917,73.024,0.107,speech
102,73.227,73.344,0.117,surrogacy
103,73.408,73.515,0.107,speech
104,73.579,73.675,0.096,surrogacy
105,73.728,73.909,0.181,speech
106,74.016,74.475,0.459,surrogacy
107,74.827,74.859,0.032,speech
108,75.019,75.051,0.032,surrogacy
109,75.221,75.275,0.053,speech
110,75.637,75.691,0.053,surrogacy
111,75.819,75.851,0.032,speech
112,76.032,76.085,0.053,surrogacy
113,76.235,76.256,0.021,speech
114,76.416,76.469,0.053,surrogacy
115,76.619,76.672,0.053,speech
116,76.821,76.864,0.043,surrogacy
117,77.013,77.045,0.032,speech
118,77.205,77.248,0.043,surrogacy
119,77.397,77.451,0.053,speech
120,77.653,77.717,0.064,surrogacy
121,80.533,81.813,1.28,speech
122,81.899,82.325,0.427,surrogacy
123,82.421,82.816,0.395,speech
124,82.933,85.035,2.101,surrogacy
125,85.184,85.717,0.533,speech
126,85.824,86.485,0.661,surrogacy
127,86.699,86.752,0.053,speech
128,87.008,87.051,0.043,surrogacy
129,87.467,87.52,0.053,speech
130,87.691,87.755,0.064,surrogacy
131,87.904,87.947,0.043,speech
132,88.128,88.192,0.064,surrogacy
133,88.352,88.395,0.043,speech
134,88.576,88.629,0.053,surrogacy
135,88.757,88.8,0.043,speech
136,89.003,89.056,0.053,surrogacy
137,89.205,89.248,0.043,speech
138,89.419,89.483,0.064,surrogacy
139,89.856,89.941,0.085,speech
140,91.829,91.979,0.149,surrogacy
141,92.107,93.237,1.131,speech
142,93.333,93.483,0.149,surrogacy
143,93.568,94.005,0.437,speech
144,94.091,94.229,0.139,surrogacy
145,94.389,94.549,0.16,speech
146,94.645,94.816,0.171,surrogacy
147,94.923,95.019,0.096,speech
148,95.125,95.477,0.352,surrogacy
149,95.595,96.075,0.48,speech
150,96.299,96.341,0.043,surrogacy
151,96.405,96.64,0.235,speech
152,96.704,97.387,0.683,surrogacy
153,97.483,97.728,0.245,speech
154,98.123,98.208,0.085,surrogacy
155,98.368,98.4,0.032,speech
156,98.592,98.645,0.053,surrogacy
157,98.795,98.848,0.053,speech
158,99.019,99.072,0.053,surrogacy
159,99.221,99.275,0.053,speech
160,99.456,99.499,0.043,surrogacy
161,99.659,99.691,0.032,speech
162,99.883,99.915,0.032,surrogacy
163,100.064,100.107,0.043,speech
164,100.288,100.331,0.043,surrogacy
165,100.491,100.555,0.064,speech
166,100.704,100.779,0.075,surrogacy
167,100.949,100.992,0.043,speech
168,101.419,101.472,0.053,surrogacy
169,103.253,103.435,0.181,speech
170,103.499,104.139,0.64,surrogacy
171,104.224,104.405,0.181,speech
172,104.512,105.163,0.651,surrogacy
173,105.248,106.016,0.768,speech
174,106.123,106.293,0.171,surrogacy
175,106.432,106.72,0.288,speech
176,106.827,106.88,0.053,surrogacy
177,106.987,107.307,0.32,speech
178,107.36,108.352,0.992,surrogacy
179,108.459,108.576,0.117,speech
180,108.683,108.821,0.139,surrogacy
181,108.875,108.992,0.117,speech
182,109.141,109.749,0.608,surrogacy
183,110.229,110.304,0.075,speech
184,110.464,110.496,0.032,surrogacy
185,110.667,110.709,0.043,speech
186,110.891,110.933,0.043,surrogacy
187,111.104,111.136,0.032,speech
188,111.328,111.403,0.075,surrogacy
189,111.84,111.893,0.053,speech
190,112.043,112.085,0.043,surrogacy
191,112.245,112.288,0.043,speech
192,112.469,112.512,0.043,surrogacy
193,112.683,112.725,0.043,speech
194,112.907,112.981,0.075,surrogacy
195,113.109,113.173,0.064,speech
196,113.344,113.419,0.075,surrogacy
197,113.557,113.621,0.064,speech
198,113.792,113.835,0.043,surrogacy
199,114.251,114.357,0.107,speech
200,117.877,118.72,0.843,surrogacy
201,118.805,118.923,0.117,speech
202,119.029,120.565,1.536,surrogacy
203,120.629,121.024,0.395,speech
204,121.109,121.237,0.128,surrogacy
205,121.376,121.952,0.576,speech
206,122.528,122.603,0.075,surrogacy
207,122.731,122.773,0.043,speech
208,122.965,123.019,0.053,surrogacy
209,123.157,123.189,0.032,speech
210,123.381,123.435,0.053,surrogacy
211,123.573,123.627,0.053,speech
212,123.787,123.829,0.043,surrogacy
213,124.0,124.032,0.032,speech
214,124.213,124.267,0.053,surrogacy
215,124.395,124.437,0.043,speech
216,124.608,124.64,0.032,surrogacy
217,124.811,124.885,0.075,speech
218,125.013,125.077,0.064,surrogacy
219,125.227,125.301,0.075,speech
220,125.451,125.525,0.075,surrogacy
221,125.867,125.973,0.107,speech
222,128.789,129.451,0.661,surrogacy
223,129.589,131.189,1.6,speech
224,131.36,131.456,0.096,surrogacy
225,131.765,133.472,1.707,speech
226,133.579,133.696,0.117,surrogacy
227,133.792,134.037,0.245,speech
228,134.176,134.421,0.245,surrogacy
229,134.635,135.488,0.853,speech
230,135.584,136.885,1.301,surrogacy
231,137.365,137.408,0.043,speech
232,137.568,137.611,0.043,surrogacy
233,137.803,137.867,0.064,speech
234,137.995,138.069,0.075,surrogacy
235,138.229,138.272,0.043,speech
236,138.432,138.475,0.043,surrogacy
237,138.667,138.741,0.075,speech
238,138.869,138.944,0.075,surrogacy
239,139.083,139.157,0.075,speech
240,139.307,139.392,0.085,surrogacy
241,139.701,139.776,0.075,speech
242,140.288,140.331,0.043,surrogacy
243,140.48,140.523,0.043,speech
244,140.715,140.779,0.064,surrogacy
245,140.917,140.96,0.043,speech
246,141.376,141.419,0.043,surrogacy
247,141.589,141.611,0.021,speech
248,141.803,141.845,0.043,surrogacy
249,142.016,142.059,0.043,speech
250,142.475,142.517,0.043,surrogacy
251,142.688,142.741,0.053,speech
252,142.88,142.923,0.043,surrogacy
253,143.093,143.125,0.032,speech
254,143.296,143.328,0.032,surrogacy
255,143.499,143.552,0.053,speech
256,143.712,143.765,0.053,surrogacy
257,143.947,143.989,0.043,speech
258,144.395,144.491,0.096,surrogacy
259,146.944,147.883,0.939,speech
260,147.989,149.035,1.045,surrogacy
261,149.152,149.173,0.021,speech
262,149.184,151.029,1.845,surrogacy
263,151.179,152.416,1.237,speech
264,152.821,153.173,0.352,surrogacy
265,153.312,153.632,0.32,speech
266,153.717,154.784,1.067,surrogacy
267,155.36,155.403,0.043,speech
268,155.605,155.691,0.085,surrogacy
269,155.829,155.872,0.043,speech
270,156.267,156.309,0.043,surrogacy
271,156.469,156.512,0.043,speech
272,156.715,156.8,0.085,surrogacy
273,156.939,157.003,0.064,speech
274,157.152,157.227,0.075,surrogacy
275,157.376,157.419,0.043,speech
276,157.6,157.664,0.064,surrogacy
277,157.803,157.856,0.053,speech
278,158.027,158.091,0.064,surrogacy
279,158.432,158.475,0.043,speech
280,158.901,158.944,0.043,surrogacy
281,159.115,159.179,0.064,speech
282,159.339,159.392,0.053,surrogacy
283,159.541,159.595,0.053,speech
284,159.701,159.744,0.043,surrogacy
285,160.363,160.405,0.043,speech
286,160.768,160.843,0.075,surrogacy
287,161.003,161.056,0.053,speech
288,161.227,161.301,0.075,surrogacy
289,161.451,161.515,0.064,speech
290,161.717,161.771,0.053,surrogacy
291,162.187,162.283,0.096,speech
292,166.421,167.797,1.376,surrogacy
293,167.883,168.021,0.139,speech
294,168.064,169.408,1.344,surrogacy
295,169.6,170.485,0.885,speech
296,170.603,171.947,1.344,surrogacy
297,172.448,172.501,0.053,speech
298,172.683,172.779,0.096,surrogacy
299,172.907,172.971,0.064,speech
300,173.12,173.205,0.085,surrogacy
301,173.344,173.408,0.064,speech
302,173.568,173.611,0.043,surrogacy
303,173.792,173.856,0.064,speech
304,174.219,174.261,0.043,surrogacy
305,174.421,174.453,0.032,speech
306,174.613,174.688,0.075,surrogacy
307,174.827,174.901,0.075,speech
308,175.04,175.125,0.085,surrogacy
309,175.264,175.317,0.053,speech
310,175.691,175.744,0.053,surrogacy
311,176.16,176.203,0.043,speech
312,176.395,176.491,0.096,surrogacy
313,176.789,176.843,0.053,speech
314,177.195,177.248,0.053,surrogacy
315,177.419,177.493,0.075,speech
316,177.632,177.675,0.043,surrogacy
317,177.835,177.877,0.043,speech
318,178.059,178.155,0.096,surrogacy
319,178.485,178.592,0.107,speech
320,182.731,183.531,0.8,surrogacy
321,183.563,183.979,0.416,speech
322,184.075,184.437,0.363,surrogacy
323,184.533,185.621,1.088,speech
324,185.717,186.069,0.352,surrogacy
325,186.133,186.699,0.565,speech
326,186.773,186.923,0.149,surrogacy
327,187.04,187.317,0.277,speech
328,187.744,187.797,0.053,surrogacy
329,187.979,188.075,0.096,speech
330,188.373,188.48,0.107,surrogacy
331,188.864,188.907,0.043,speech
332,189.077,189.163,0.085,surrogacy
333,189.291,189.333,0.043,speech
334,189.504,189.547,0.043,surrogacy
335,189.728,189.803,0.075,speech
336,189.941,190.005,0.064,surrogacy
337,190.155,190.229,0.075,speech
338,190.603,190.688,0.085,surrogacy
339,190.816,190.88,0.064,speech
340,191.029,191.072,0.043,surrogacy
341,191.253,191.317,0.064,speech
342,191.456,191.488,0.032,surrogacy
343,191.659,191.701,0.043,speech
344,191.904,191.947,0.043,surrogacy
345,192.203,192.245,0.043,speech
346,193.451,193.728,0.277,surrogacy
347,194.251,195.413,1.163,speech
348,195.499,195.819,0.32,surrogacy
349,195.893,196.981,1.088,speech
350,197.12,197.504,0.384,surrogacy
351,198.144,198.187,0.043,speech
352,198.699,198.795,0.096,surrogacy
353,199.104,199.2,0.096,speech
354,199.627,199.669,0.043,surrogacy
355,199.84,199.925,0.085,speech
356,200.085,200.117,0.032,surrogacy
357,200.277,200.32,0.043,speech
358,200.544,200.608,0.064,surrogacy
359,200.768,200.811,0.043,speech
360,201.184,201.259,0.075,surrogacy
361,201.387,201.429,0.043,speech
362,201.611,201.643,0.032,surrogacy
363,201.803,201.845,0.043,speech
364,202.027,202.069,0.043,surrogacy
365,202.475,202.528,0.053,speech
366,204.789,205.664,0.875,surrogacy
367,205.781,205.941,0.16,speech
368,206.24,206.283,0.043,surrogacy
369,206.464,206.549,0.085,speech
370,206.933,207.029,0.096,surrogacy
371,208.736,209.771,1.035,speech
372,209.867,210.091,0.224,surrogacy
373,210.379,210.421,0.043,speech
374,210.848,210.891,0.043,surrogacy
375,211.264,211.36,0.096,speech
376,213.547,214.101,0.555,surrogacy
377,214.208,214.784,0.576,speech
378,214.869,215.072,0.203,surrogacy
379,215.435,215.499,0.064,speech
380,215.627,215.669,0.043,surrogacy
381,215.861,215.925,0.064,speech
382,216.064,216.107,0.043,surrogacy
383,216.277,216.32,0.043,speech
384,216.725,216.811,0.085,surrogacy
385,218.027,218.507,0.48,speech
386,218.624,219.029,0.405,surrogacy
387,219.253,219.307,0.053,speech
388,219.477,219.563,0.085,surrogacy
389,220.533,220.565,0.032,speech
390,220.747,220.811,0.064,surrogacy
391,221.003,221.045,0.043,speech
392,222.411,223.541,1.131,surrogacy
393,223.797,223.872,0.075,speech
394,223.989,224.021,0.032,surrogacy
395,224.224,224.299,0.075,speech
396,224.64,224.683,0.043,surrogacy
397,226.4,226.56,0.16,speech
398,226.635,227.029,0.395,surrogacy
399,227.104,228.875,1.771,speech
400,229.163,229.248,0.085,surrogacy
401,229.376,229.451,0.075,speech
402,229.589,229.664,0.075,surrogacy
403,229.813,229.856,0.043,speech
404,230.016,230.059,0.043,surrogacy
405,230.229,230.272,0.043,speech
406,230.443,230.539,0.096,surrogacy
407,230.656,230.699,0.043,speech
408,230.891,230.987,0.096,surrogacy
409,231.36,231.467,0.107,speech
410,233.589,234.357,0.768,surrogacy
411,234.421,235.275,0.853,speech
412,235.349,235.541,0.192,surrogacy
413,235.573,236.075,0.501,speech
414,236.181,236.757,0.576,surrogacy
415,237.131,237.173,0.043,speech
416,237.547,237.557,0.011,surrogacy
417,237.739,237.803,0.064,speech
418,238.165,238.208,0.043,surrogacy
419,238.347,238.4,0.053,speech
420,238.571,238.624,0.053,surrogacy
421,238.763,238.827,0.064,speech
422,238.987,239.019,0.032,surrogacy
423,239.2,239.253,0.053,speech
424,239.403,239.424,0.021,surrogacy
425,239.616,239.691,0.075,speech
426,240.043,240.149,0.107,surrogacy
427,242.496,243.808,1.312,speech
428,244.416,244.459,0.043,surrogacy
429,244.64,244.715,0.075,speech
430,244.864,244.907,0.043,surrogacy
431,245.077,245.131,0.053,speech
432,247.381,248.192,0.811,surrogacy
433,248.341,249.013,0.672,speech
434,249.387,249.429,0.043,surrogacy
435,249.568,249.611,0.043,speech
436,249.792,249.824,0.032,surrogacy
437,249.984,250.027,0.043,speech
438,250.208,250.261,0.053,surrogacy
439,250.624,250.731,0.107,speech
440,253.344,254.752,1.408,surrogacy
441,254.805,254.965,0.16,speech
442,255.125,255.445,0.32,surrogacy
443,255.595,255.733,0.139,speech
444,256.107,256.203,0.096,surrogacy
445,256.331,256.363,0.032,speech
446,256.544,256.619,0.075,surrogacy
447,256.747,256.811,0.064,speech
448,256.971,257.045,0.075,surrogacy
449,257.152,257.248,0.096,speech
450,257.376,257.472,0.096,surrogacy
451,257.6,257.643,0.043,speech
452,258.027,258.144,0.117,surrogacy
453,260.512,260.843,0.331,speech
454,260.917,261.248,0.331,surrogacy
455,261.365,261.792,0.427,speech
456,261.803,262.037,0.235,surrogacy
457,262.357,262.411,0.053,speech
458,262.549,262.603,0.053,surrogacy
459,262.773,262.827,0.053,speech
460,262.976,263.072,0.096,surrogacy
461,263.211,263.264,0.053,speech
462,263.659,263.776,0.117,surrogacy
463,265.909,266.773,0.864,speech
464,266.869,267.723,0.853,surrogacy
465,268.0,268.085,0.085,speech
466,268.192,268.267,0.075,surrogacy
467,268.405,268.48,0.075,speech
468,268.597,268.64,0.043,surrogacy
469,268.811,268.864,0.053,speech
470,269.003,269.067,0.064,surrogacy
471,269.227,269.269,0.043,speech
472,269.664,269.771,0.107,surrogacy
473,273.301,273.824,0.523,speech
474,273.867,274.016,0.149,surrogacy
475,274.037,274.208,0.171,speech
476,274.283,274.965,0.683,surrogacy
477,275.083,275.275,0.192,speech
478,275.552,275.605,0.053,surrogacy
479,275.765,275.851,0.085,speech
480,275.968,276.011,0.043,surrogacy
481,276.171,276.203,0.032,speech
482,276.373,276.416,0.043,surrogacy
483,276.587,276.64,0.053,speech
484,276.811,276.885,0.075,surrogacy
485,277.237,277.333,0.096,speech
486,281.771,282.549,0.779,surrogacy
487,282.603,282.752,0.149,speech
488,282.827,283.349,0.523,surrogacy
489,283.467,283.755,0.288,speech
490,283.915,284.0,0.085,surrogacy
491,284.107,284.149,0.043,speech
492,284.341,284.395,0.053,surrogacy
493,284.512,284.555,0.043,speech
494,284.725,284.768,0.043,surrogacy
495,284.928,285.013,0.085,speech
496,285.163,285.216,0.053,surrogacy
497,285.621,285.717,0.096,speech
498,287.435,288.128,0.693,surrogacy
499,288.245,288.587,0.341,speech
500,288.693,288.875,0.181,surrogacy
501,289.152,289.195,0.043,speech
502,289.355,289.44,0.085,surrogacy
503,289.568,289.643,0.075,speech
504,289.792,289.845,0.053,surrogacy
505,290.24,290.347,0.107,speech
506,293.301,294.304,1.003,surrogacy
507,294.4,294.709,0.309,speech
508,294.816,295.029,0.213,surrogacy
509,295.264,295.307,0.043,speech
510,295.456,295.488,0.032,surrogacy
511,295.669,295.744,0.075,speech
512,295.872,295.936,0.064,surrogacy
513,296.085,296.16,0.075,speech
514,296.299,296.341,0.043,surrogacy
515,296.715,296.843,0.128,speech
516,300.075,300.779,0.704,surrogacy
517,300.864,301.899,1.035,speech
518,302.165,302.208,0.043,surrogacy
519,302.357,302.4,0.043,speech
520,302.581,302.656,0.075,surrogacy
521,302.784,302.869,0.085,speech
522,303.019,303.104,0.085,surrogacy
523,303.456,303.509,0.053,speech
524,305.973,306.165,0.192,surrogacy
525,306.283,306.741,0.459,speech
526,306.752,306.784,0.032,surrogacy
527,306.827,307.392,0.565,speech
528,307.445,307.797,0.352,surrogacy
529,307.883,308.469,0.587,speech
530,308.576,308.779,0.203,surrogacy
531,309.067,309.141,0.075,speech
532,309.269,309.344,0.075,surrogacy
533,309.493,309.525,0.032,speech
534,309.707,309.781,0.075,surrogacy
535,309.92,309.952,0.032,speech
536,310.325,310.411,0.085,surrogacy
537,310.539,310.613,0.075,speech
538,310.752,310.795,0.043,surrogacy
539,310.965,311.019,0.053,speech
540,311.424,311.541,0.117,surrogacy
541,314.4,314.613,0.213,speech
542,314.624,314.667,0.043,surrogacy
543,314.731,315.275,0.544,speech
544,315.317,315.861,0.544,surrogacy
545,316.011,317.28,1.269,speech
546,317.419,317.739,0.32,surrogacy
547,317.835,318.005,0.171,speech
548,318.315,318.411,0.096,surrogacy
549,318.539,318.581,0.043,speech
550,318.741,318.773,0.032,surrogacy
551,318.955,319.029,0.075,speech
552,319.157,319.189,0.032,surrogacy
553,319.381,319.445,0.064,speech
554,319.563,319.627,0.064,surrogacy
555,319.776,319.851,0.075,speech
556,319.979,320.043,0.064,surrogacy
557,320.171,320.245,0.075,speech
558,320.395,320.427,0.032,surrogacy
559,320.587,320.629,0.043,speech
560,320.8,320.885,0.085,surrogacy
561,321.237,321.344,0.107,speech
562,324.064,325.024,0.96,surrogacy
563,325.088,325.227,0.139,speech
564,325.333,326.773,1.44,surrogacy
565,327.008,327.083,0.075,speech
566,327.232,327.264,0.032,surrogacy
567,327.456,327.509,0.053,speech
568,327.659,327.712,0.053,surrogacy
569,327.872,327.936,0.064,speech
570,328.075,328.117,0.043,surrogacy
571,328.288,328.32,0.032,speech
572,328.491,328.565,0.075,surrogacy
573,328.704,328.736,0.032,speech
574,328.896,328.939,0.043,surrogacy
575,331.936,332.139,0.203,speech
576,332.171,332.288,0.117,surrogacy
577,332.373,332.597,0.224,speech
578,333.216,333.269,0.053,surrogacy
